;Category;Name;Rate;Downloads;Link
0;Map;Alpenhill;4.2;33;https://www.farming-simulator.com/mod.php?lang=en&country=us&mod_id=287158&title=fs2022
1;Map;Frühling 2K23;4.5;212;https://www.farming-simulator.com/mod.php?lang=en&country=us&mod_id=277177&title=fs2022
2;Map;Burgenlandkreis Light;3.9;82;https://www.farming-simulator.com/mod.php?lang=en&country=us&mod_id=279816&title=fs2022
3;Map;Gumpen Mega Field And Forest Map;3.7;85;https://www.farming-simulator.com/mod.php?lang=en&country=us&mod_id=266194&title=fs2022
4;Map;Pallegney TerraLifePlus;4.4;14;https://www.farming-simulator.com/mod.php?lang=en&country=us&mod_id=296248&title=fs2022
5;Map;Holzer TerraLifePlus;4.4;29;https://www.farming-simulator.com/mod.php?lang=en&country=us&mod_id=296246&title=fs2022
6;Map;The Eifel TerraLifePlus;4.4;22;https://www.farming-simulator.com/mod.php?lang=en&country=us&mod_id=296767&title=fs2022
7;Map;Somewhere In Thuringia III TerraLifePlus;4.3;9;https://www.farming-simulator.com/mod.php?lang=en&country=us&mod_id=296250&title=fs2022
8;Map;Grasslands 22;3.9;18;https://www.farming-simulator.com/mod.php?lang=en&country=us&mod_id=295227&title=fs2022
9;Map;Újrét;4.2;55;https://www.farming-simulator.com/mod.php?lang=en&country=us&mod_id=297186&title=fs2022
10;Map;Simple Midwest;4.1;127;https://www.farming-simulator.com/mod.php?lang=en&country=us&mod_id=275299&title=fs2022
11;Map;Hallig Petrus;4.2;59;https://www.farming-simulator.com/mod.php?lang=en&country=us&mod_id=289336&title=fs2022
12;Map;Mars The Mission;3.4;116;https://www.farming-simulator.com/mod.php?lang=en&country=us&mod_id=286343&title=fs2022
13;Map;Deadwood;4.1;101;https://www.farming-simulator.com/mod.php?lang=en&country=us&mod_id=289457&title=fs2022
14;Map;Chapadão Farm;4.4;24;https://www.farming-simulator.com/mod.php?lang=en&country=us&mod_id=296359&title=fs2022
15;Map;Alma, Missouri US;4.5;615;https://www.farming-simulator.com/mod.php?lang=en&country=us&mod_id=276679&title=fs2022
16;Map;Neuffener Valley;3.8;1;https://www.farming-simulator.com/mod.php?lang=en&country=us&mod_id=294727&title=fs2022
17;Map;Chadlington;3.0;4;https://www.farming-simulator.com/mod.php?lang=en&country=us&mod_id=296453&title=fs2022
18;Map;Eastern North Carolina USA;3.9;201;https://www.farming-simulator.com/mod.php?lang=en&country=us&mod_id=256756&title=fs2022
19;Map;Wiebendorf;4.1;31;https://www.farming-simulator.com/mod.php?lang=en&country=us&mod_id=288839&title=fs2022
20;Map;Castile And Leon: New Horizon;3.8;83;https://www.farming-simulator.com/mod.php?lang=en&country=us&mod_id=274068&title=fs2022
21;Map;Riverview Farm;4.0;180;https://www.farming-simulator.com/mod.php?lang=en&country=us&mod_id=243781&title=fs2022
22;Map;Oberschwaben;4.4;76;https://www.farming-simulator.com/mod.php?lang=en&country=us&mod_id=293479&title=fs2022
23;Map;Ostenwalde;3.9;38;https://www.farming-simulator.com/mod.php?lang=en&country=us&mod_id=287672&title=fs2022
24;Map;Fox Farms;4.2;401;https://www.farming-simulator.com/mod.php?lang=en&country=us&mod_id=237839&title=fs2022
25;Map;Combined Counties;3.8;10;https://www.farming-simulator.com/mod.php?lang=en&country=us&mod_id=297298&title=fs2022
26;Map;Szpakowo;4.4;328;https://www.farming-simulator.com/mod.php?lang=en&country=us&mod_id=290293&title=fs2022
27;Map;Ostseeküste 22 Final;4.3;440;https://www.farming-simulator.com/mod.php?lang=en&country=us&mod_id=260397&title=fs2022
28;Map;Ostseeküste 22 Final;4.5;159;https://www.farming-simulator.com/mod.php?lang=en&country=us&mod_id=259109&title=fs2022
29;Map;El Villarejo;4.2;51;https://www.farming-simulator.com/mod.php?lang=en&country=us&mod_id=287930&title=fs2022
30;Map;Cow Farm;3.7;166;https://www.farming-simulator.com/mod.php?lang=en&country=us&mod_id=230272&title=fs2022
31;Map;Galgenberg4x;4.5;109;https://www.farming-simulator.com/mod.php?lang=en&country=us&mod_id=282939&title=fs2022
32;Map;Pallegney;4.7;458;https://www.farming-simulator.com/mod.php?lang=en&country=us&mod_id=289050&title=fs2022
33;Map;Neuffener Valley;4.0;106;https://www.farming-simulator.com/mod.php?lang=en&country=us&mod_id=255182&title=fs2022
34;Map;Ebony Island;3.9;97;https://www.farming-simulator.com/mod.php?lang=en&country=us&mod_id=258138&title=fs2022
35;Map;Memphis, New York;3.3;46;https://www.farming-simulator.com/mod.php?lang=en&country=us&mod_id=296538&title=fs2022
36;Map;The Mythical Woods;3.8;18;https://www.farming-simulator.com/mod.php?lang=en&country=us&mod_id=294450&title=fs2022
37;Map;PGR Agro Pomerania;3.7;29;https://www.farming-simulator.com/mod.php?lang=en&country=us&mod_id=288536&title=fs2022
38;Map;Oberkirchheim;3.9;100;https://www.farming-simulator.com/mod.php?lang=en&country=us&mod_id=256022&title=fs2022
39;Map;Felsbrunn 22;4.3;378;https://www.farming-simulator.com/mod.php?lang=en&country=us&mod_id=250280&title=fs2022
40;Map;New American;3.9;51;https://www.farming-simulator.com/mod.php?lang=en&country=us&mod_id=290214&title=fs2022
41;Map;The Farmhouse;3.6;4;https://www.farming-simulator.com/mod.php?lang=en&country=us&mod_id=291618&title=fs2022
42;Map;Mod Test Map;3.6;3;https://www.farming-simulator.com/mod.php?lang=en&country=us&mod_id=295045&title=fs2022
43;Map;Offlum 22;3.6;66;https://www.farming-simulator.com/mod.php?lang=en&country=us&mod_id=289009&title=fs2022
44;Map;Lorsen;3.7;74;https://www.farming-simulator.com/mod.php?lang=en&country=us&mod_id=264920&title=fs2022
45;Map;Great Grandfathers Farm;3.8;28;https://www.farming-simulator.com/mod.php?lang=en&country=us&mod_id=292260&title=fs2022
46;Map;The Isolated Valley;3.6;21;https://www.farming-simulator.com/mod.php?lang=en&country=us&mod_id=296321&title=fs2022
47;Map;The Little Campaign;3.9;24;https://www.farming-simulator.com/mod.php?lang=en&country=us&mod_id=288199&title=fs2022
48;Map;Estancia Pindorama MT;4.2;39;https://www.farming-simulator.com/mod.php?lang=en&country=us&mod_id=291394&title=fs2022
49;Map;Ostbeck;4.4;106;https://www.farming-simulator.com/mod.php?lang=en&country=us&mod_id=290987&title=fs2022
50;Map;Dry Lagoon Andalusia;3.8;15;https://www.farming-simulator.com/mod.php?lang=en&country=us&mod_id=291557&title=fs2022
51;Map;Vouilly Normandy;3.5;16;https://www.farming-simulator.com/mod.php?lang=en&country=us&mod_id=294147&title=fs2022
52;Map;Bellingwolde;3.6;29;https://www.farming-simulator.com/mod.php?lang=en&country=us&mod_id=289140&title=fs2022
53;Map;Rehdornheim;3.9;42;https://www.farming-simulator.com/mod.php?lang=en&country=us&mod_id=270391&title=fs2022
54;Map;Felsbrunn 22;4.0;10;https://www.farming-simulator.com/mod.php?lang=en&country=us&mod_id=288803&title=fs2022
55;Map;Agro Sul Rice;4.5;59;https://www.farming-simulator.com/mod.php?lang=en&country=us&mod_id=291579&title=fs2022
56;Map;Szpakowo;4.5;317;https://www.farming-simulator.com/mod.php?lang=en&country=us&mod_id=289300&title=fs2022
57;Map;Tyrolean Whitecreek Valley;4.5;44;https://www.farming-simulator.com/mod.php?lang=en&country=us&mod_id=289656&title=fs2022
58;Map;The Old Stream Farm Expansion;4.4;85;https://www.farming-simulator.com/mod.php?lang=en&country=us&mod_id=293978&title=fs2022
59;Map;Bandeirantes Farm;4.7;36;https://www.farming-simulator.com/mod.php?lang=en&country=us&mod_id=291503&title=fs2022
60;Map;Fjorddal;4.1;24;https://www.farming-simulator.com/mod.php?lang=en&country=us&mod_id=293666&title=fs2022
61;Map;Dual Valley;3.8;21;https://www.farming-simulator.com/mod.php?lang=en&country=us&mod_id=291053&title=fs2022
62;Map;Somerset;4.2;29;https://www.farming-simulator.com/mod.php?lang=en&country=us&mod_id=288769&title=fs2022
63;Map;Dredge Creek Alaska;3.8;25;https://www.farming-simulator.com/mod.php?lang=en&country=us&mod_id=292307&title=fs2022
64;Map;The Three Small Farms V2;4.1;16;https://www.farming-simulator.com/mod.php?lang=en&country=us&mod_id=287963&title=fs2022
65;Map;The Lost Corner;3.6;282;https://www.farming-simulator.com/mod.php?lang=en&country=us&mod_id=248335&title=fs2022
66;Map;Maypole Farm;3.9;333;https://www.farming-simulator.com/mod.php?lang=en&country=us&mod_id=236621&title=fs2022
67;Map;Custom Traffic System;3.6;12;https://www.farming-simulator.com/mod.php?lang=en&country=us&mod_id=292045&title=fs2022
68;Map;Gnadenthal;4.1;178;https://www.farming-simulator.com/mod.php?lang=en&country=us&mod_id=249001&title=fs2022
69;Map;Goldcrest Valley 22;4.2;456;https://www.farming-simulator.com/mod.php?lang=en&country=us&mod_id=240827&title=fs2022
70;Map;Alone In The World;3.7;61;https://www.farming-simulator.com/mod.php?lang=en&country=us&mod_id=289741&title=fs2022
71;Map;Kallebach;4.4;79;https://www.farming-simulator.com/mod.php?lang=en&country=us&mod_id=293854&title=fs2022
72;Map;Farmview Island;3.8;26;https://www.farming-simulator.com/mod.php?lang=en&country=us&mod_id=288449&title=fs2022
73;Map;Wymark, CA;4.4;125;https://www.farming-simulator.com/mod.php?lang=en&country=us&mod_id=291204&title=fs2022
74;Map;Square Islands;3.8;19;https://www.farming-simulator.com/mod.php?lang=en&country=us&mod_id=290250&title=fs2022
75;Map;The Old Farm Countryside;4.2;218;https://www.farming-simulator.com/mod.php?lang=en&country=us&mod_id=271836&title=fs2022
76;Map;Moss Valley;4.0;57;https://www.farming-simulator.com/mod.php?lang=en&country=us&mod_id=287742&title=fs2022
77;Map;North March Reloaded;4.1;44;https://www.farming-simulator.com/mod.php?lang=en&country=us&mod_id=283912&title=fs2022
78;Map;Rotdrosselheim;4.3;23;https://www.farming-simulator.com/mod.php?lang=en&country=us&mod_id=292413&title=fs2022
79;Map;Frickenfelden;3.3;25;https://www.farming-simulator.com/mod.php?lang=en&country=us&mod_id=291994&title=fs2022
80;Map;Burgenlandkreis;4.1;153;https://www.farming-simulator.com/mod.php?lang=en&country=us&mod_id=270136&title=fs2022
81;Map;La Coronella;4.3;362;https://www.farming-simulator.com/mod.php?lang=en&country=us&mod_id=246163&title=fs2022
82;Map;Butschern;4.3;228;https://www.farming-simulator.com/mod.php?lang=en&country=us&mod_id=250225&title=fs2022
83;Map;Carinthia;4.2;71;https://www.farming-simulator.com/mod.php?lang=en&country=us&mod_id=274883&title=fs2022
84;Map;Simple Midwest 4x;3.8;17;https://www.farming-simulator.com/mod.php?lang=en&country=us&mod_id=289456&title=fs2022
85;Map;Maislingen;4.3;24;https://www.farming-simulator.com/mod.php?lang=en&country=us&mod_id=291037&title=fs2022
86;Map;BallySpring;4.5;458;https://www.farming-simulator.com/mod.php?lang=en&country=us&mod_id=270719&title=fs2022
87;Map;ItalianRice 22;4.0;118;https://www.farming-simulator.com/mod.php?lang=en&country=us&mod_id=277817&title=fs2022
88;Map;Black Mountain Montana;4.2;107;https://www.farming-simulator.com/mod.php?lang=en&country=us&mod_id=266729&title=fs2022
89;Map;Glengarry;4.0;31;https://www.farming-simulator.com/mod.php?lang=en&country=us&mod_id=291623&title=fs2022
90;Map;BallySpring;4.3;57;https://www.farming-simulator.com/mod.php?lang=en&country=us&mod_id=270745&title=fs2022
91;Map;Somewhere In Lower Bavaria;3.9;34;https://www.farming-simulator.com/mod.php?lang=en&country=us&mod_id=285502&title=fs2022
92;Map;Willamina 22;4.1;119;https://www.farming-simulator.com/mod.php?lang=en&country=us&mod_id=245677&title=fs2022
93;Map;Glenleathann;4.1;119;https://www.farming-simulator.com/mod.php?lang=en&country=us&mod_id=271985&title=fs2022
94;Map;Landersum;4.3;166;https://www.farming-simulator.com/mod.php?lang=en&country=us&mod_id=264655&title=fs2022
95;Map;Frühling;4.5;407;https://www.farming-simulator.com/mod.php?lang=en&country=us&mod_id=239575&title=fs2022
96;Map;Great River Lands;3.9;37;https://www.farming-simulator.com/mod.php?lang=en&country=us&mod_id=291493&title=fs2022
97;Map;Bjornholm;4.0;33;https://www.farming-simulator.com/mod.php?lang=en&country=us&mod_id=278559&title=fs2022
98;Map;Ravenport 22;4.4;138;https://www.farming-simulator.com/mod.php?lang=en&country=us&mod_id=287004&title=fs2022
99;Map;The Abandoned Marshes;3.3;15;https://www.farming-simulator.com/mod.php?lang=en&country=us&mod_id=286422&title=fs2022
100;Map;AlpenTal;4.1;20;https://www.farming-simulator.com/mod.php?lang=en&country=us&mod_id=289870&title=fs2022
101;Map;Farming Simulator 14 Rebuilt Map;3.9;33;https://www.farming-simulator.com/mod.php?lang=en&country=us&mod_id=290964&title=fs2022
102;Map;The Good Times Farm;4.2;15;https://www.farming-simulator.com/mod.php?lang=en&country=us&mod_id=274112&title=fs2022
103;Map;Giants Island Crystal Edition;3.5;26;https://www.farming-simulator.com/mod.php?lang=en&country=us&mod_id=290660&title=fs2022
104;Map;Carpathian Countryside;4.5;529;https://www.farming-simulator.com/mod.php?lang=en&country=us&mod_id=268187&title=fs2022
105;Map;Carpathian Countryside;4.4;71;https://www.farming-simulator.com/mod.php?lang=en&country=us&mod_id=278814&title=fs2022
106;Map;Modern Saripuszta;3.9;17;https://www.farming-simulator.com/mod.php?lang=en&country=us&mod_id=284056&title=fs2022
107;Map;Brosumersiel;4.0;46;https://www.farming-simulator.com/mod.php?lang=en&country=us&mod_id=281897&title=fs2022
108;Map;Sariola;4.2;31;https://www.farming-simulator.com/mod.php?lang=en&country=us&mod_id=273111&title=fs2022
109;Map;Dredge Creek Alaska;3.7;8;https://www.farming-simulator.com/mod.php?lang=en&country=us&mod_id=288065&title=fs2022
110;Map;Buckland Farm;3.9;116;https://www.farming-simulator.com/mod.php?lang=en&country=us&mod_id=275414&title=fs2022
111;Map;Premium Expansion;0.0;0;https://www.farming-simulator.com/dlc-detail.php?dlc_id=fs22premium&lang=en&country=us
112;Map;Agricultural Land;3.6;80;https://www.farming-simulator.com/mod.php?lang=en&country=us&mod_id=287876&title=fs2022
113;Map;Harvest Valley;4.1;60;https://www.farming-simulator.com/mod.php?lang=en&country=us&mod_id=287982&title=fs2022
114;Map;Southern Blackforest;3.8;46;https://www.farming-simulator.com/mod.php?lang=en&country=us&mod_id=275202&title=fs2022
115;Map;Crater Lake 22;4.1;40;https://www.farming-simulator.com/mod.php?lang=en&country=us&mod_id=274230&title=fs2022
116;Map;Fairhead;4.2;118;https://www.farming-simulator.com/mod.php?lang=en&country=us&mod_id=282359&title=fs2022
117;Map;Alteiche (Westerwald);4.5;99;https://www.farming-simulator.com/mod.php?lang=en&country=us&mod_id=287465&title=fs2022
118;Map;Mecklenburg Lake District;4.1;261;https://www.farming-simulator.com/mod.php?lang=en&country=us&mod_id=237974&title=fs2022
119;Map;Medvedin;4.1;190;https://www.farming-simulator.com/mod.php?lang=en&country=us&mod_id=232683&title=fs2022
120;Map;Vidhostice Maps;4.1;59;https://www.farming-simulator.com/mod.php?lang=en&country=us&mod_id=263848&title=fs2022
121;Map;Map Alpine;3.6;10;https://www.farming-simulator.com/mod.php?lang=en&country=us&mod_id=284799&title=fs2022
122;Map;No Mans Land;4.3;2047;https://www.farming-simulator.com/mod.php?lang=en&country=us&mod_id=228043&title=fs2022
123;Map;The Bavarian Farm;4.3;96;https://www.farming-simulator.com/mod.php?lang=en&country=us&mod_id=281517&title=fs2022
124;Map;Black River;4.0;150;https://www.farming-simulator.com/mod.php?lang=en&country=us&mod_id=249762&title=fs2022
125;Map;Stone Valley 22;4.2;493;https://www.farming-simulator.com/mod.php?lang=en&country=us&mod_id=245231&title=fs2022
126;Map;Nameless;4.0;40;https://www.farming-simulator.com/mod.php?lang=en&country=us&mod_id=271886&title=fs2022
127;Map;The Elm Rochester;3.5;85;https://www.farming-simulator.com/mod.php?lang=en&country=us&mod_id=278928&title=fs2022
128;Map;Limeira Farm;4.7;38;https://www.farming-simulator.com/mod.php?lang=en&country=us&mod_id=285034&title=fs2022
129;Map;Ellerbach;4.6;158;https://www.farming-simulator.com/mod.php?lang=en&country=us&mod_id=289242&title=fs2022
130;Map;Eldorado;4.4;97;https://www.farming-simulator.com/mod.php?lang=en&country=us&mod_id=288578&title=fs2022
131;Map;Lost World;3.5;31;https://www.farming-simulator.com/mod.php?lang=en&country=us&mod_id=287662&title=fs2022
132;Map;Neu - Minibrunn;4.4;329;https://www.farming-simulator.com/mod.php?lang=en&country=us&mod_id=260530&title=fs2022
133;Map;Back Roads County 4x;4.2;27;https://www.farming-simulator.com/mod.php?lang=en&country=us&mod_id=286337&title=fs2022
134;Map;Moenchwinkel;3.3;9;https://www.farming-simulator.com/mod.php?lang=en&country=us&mod_id=287812&title=fs2022
135;Map;Westbridge Hills;4.1;187;https://www.farming-simulator.com/mod.php?lang=en&country=us&mod_id=245078&title=fs2022
136;Map;Lost In The Mountains;3.9;48;https://www.farming-simulator.com/mod.php?lang=en&country=us&mod_id=282608&title=fs2022
137;Map;Evergreen Valley;3.9;82;https://www.farming-simulator.com/mod.php?lang=en&country=us&mod_id=285587&title=fs2022
138;Map;Gross Schneen;3.5;34;https://www.farming-simulator.com/mod.php?lang=en&country=us&mod_id=285307&title=fs2022
139;Map;Lands Of La Mancha;4.2;207;https://www.farming-simulator.com/mod.php?lang=en&country=us&mod_id=245814&title=fs2022
140;Map;Green Gold Farm;4.5;107;https://www.farming-simulator.com/mod.php?lang=en&country=us&mod_id=263814&title=fs2022
141;Map;Laren;3.8;20;https://www.farming-simulator.com/mod.php?lang=en&country=us&mod_id=285530&title=fs2022
142;Map;Sumidouro Farm;4.5;96;https://www.farming-simulator.com/mod.php?lang=en&country=us&mod_id=277843&title=fs2022
143;Map;American Falls;4.0;256;https://www.farming-simulator.com/mod.php?lang=en&country=us&mod_id=275336&title=fs2022
144;Map;The Quebec Countryside;3.6;30;https://www.farming-simulator.com/mod.php?lang=en&country=us&mod_id=285515&title=fs2022
145;Map;Hagenstedt;4.0;120;https://www.farming-simulator.com/mod.php?lang=en&country=us&mod_id=253182&title=fs2022
146;Map;Dutch FantasyLand;3.6;30;https://www.farming-simulator.com/mod.php?lang=en&country=us&mod_id=286876&title=fs2022
147;Map;The Forgotten Lands;3.9;36;https://www.farming-simulator.com/mod.php?lang=en&country=us&mod_id=285227&title=fs2022
148;Map;Polderlandschap;3.1;10;https://www.farming-simulator.com/mod.php?lang=en&country=us&mod_id=283969&title=fs2022
149;Map;Maragogipe;4.4;50;https://www.farming-simulator.com/mod.php?lang=en&country=us&mod_id=277936&title=fs2022
150;Map;Recanto Da Alvorada Map;4.5;250;https://www.farming-simulator.com/mod.php?lang=en&country=us&mod_id=249026&title=fs2022
151;Map;Barycz;3.3;54;https://www.farming-simulator.com/mod.php?lang=en&country=us&mod_id=284532&title=fs2022
152;Map;Competition;3.7;37;https://www.farming-simulator.com/mod.php?lang=en&country=us&mod_id=283882&title=fs2022
153;Map;Mason County;3.9;97;https://www.farming-simulator.com/mod.php?lang=en&country=us&mod_id=277361&title=fs2022
154;Map;Dutch FantasyLand;3.7;13;https://www.farming-simulator.com/mod.php?lang=en&country=us&mod_id=283545&title=fs2022
155;Map;Iowa Plains View;4.5;448;https://www.farming-simulator.com/mod.php?lang=en&country=us&mod_id=250894&title=fs2022
156;Map;Elbe Valley;4.0;16;https://www.farming-simulator.com/mod.php?lang=en&country=us&mod_id=282972&title=fs2022
157;Map;Volcano Island Extended;4.0;26;https://www.farming-simulator.com/mod.php?lang=en&country=us&mod_id=283724&title=fs2022
158;Map;DutchPolder;3.8;122;https://www.farming-simulator.com/mod.php?lang=en&country=us&mod_id=273359&title=fs2022
159;Map;Honkakorpi;3.4;60;https://www.farming-simulator.com/mod.php?lang=en&country=us&mod_id=282269&title=fs2022
160;Map;Bantikow;4.0;164;https://www.farming-simulator.com/mod.php?lang=en&country=us&mod_id=260911&title=fs2022
161;Map;Goldcrest Valley;4.2;248;https://www.farming-simulator.com/mod.php?lang=en&country=us&mod_id=240603&title=fs2022
162;Map;Sosnovka;4.1;206;https://www.farming-simulator.com/mod.php?lang=en&country=us&mod_id=247347&title=fs2022
163;Map;Imvani South Africa;3.4;26;https://www.farming-simulator.com/mod.php?lang=en&country=us&mod_id=279742&title=fs2022
164;Map;The Northern Farms;3.9;54;https://www.farming-simulator.com/mod.php?lang=en&country=us&mod_id=283693&title=fs2022
165;Map;Bilk;3.8;71;https://www.farming-simulator.com/mod.php?lang=en&country=us&mod_id=283111&title=fs2022
166;Map;Stone Valley 22;4.1;14;https://www.farming-simulator.com/mod.php?lang=en&country=us&mod_id=284291&title=fs2022
167;Map;Nova Estancia;4.3;189;https://www.farming-simulator.com/mod.php?lang=en&country=us&mod_id=238795&title=fs2022
168;Map;The Construction Map;3.4;339;https://www.farming-simulator.com/mod.php?lang=en&country=us&mod_id=229294&title=fs2022
169;Map;The Rainy Woods;3.9;51;https://www.farming-simulator.com/mod.php?lang=en&country=us&mod_id=281879&title=fs2022
170;Map;Hills Of Tuscany;4.2;173;https://www.farming-simulator.com/mod.php?lang=en&country=us&mod_id=262294&title=fs2022
171;Map;Delusion;3.6;32;https://www.farming-simulator.com/mod.php?lang=en&country=us&mod_id=282420&title=fs2022
172;Map;Fichthal V2;4.3;118;https://www.farming-simulator.com/mod.php?lang=en&country=us&mod_id=273695&title=fs2022
173;Map;Calm Lands;4.0;331;https://www.farming-simulator.com/mod.php?lang=en&country=us&mod_id=230721&title=fs2022
174;Map;AGRIPV;2.0;12;https://www.farming-simulator.com/mod.php?lang=en&country=us&mod_id=280829&title=fs2022
175;Map;Schwaadeheim;4.3;57;https://www.farming-simulator.com/mod.php?lang=en&country=us&mod_id=281751&title=fs2022
176;Map;Somewhere In Thuringia III;4.3;119;https://www.farming-simulator.com/mod.php?lang=en&country=us&mod_id=259963&title=fs2022
177;Map;Close To Home;3.7;59;https://www.farming-simulator.com/mod.php?lang=en&country=us&mod_id=274044&title=fs2022
178;Map;The Forgotten Hills;3.3;16;https://www.farming-simulator.com/mod.php?lang=en&country=us&mod_id=279965&title=fs2022
179;Map;Greenhills Estate;3.9;68;https://www.farming-simulator.com/mod.php?lang=en&country=us&mod_id=250730&title=fs2022
180;Map;Green Mountain;4.9;193;https://www.farming-simulator.com/mod.php?lang=en&country=us&mod_id=280693&title=fs2022
181;Map;The Nutons Hedge;4.0;37;https://www.farming-simulator.com/mod.php?lang=en&country=us&mod_id=269603&title=fs2022
182;Map;Court Farm Country Park;4.5;262;https://www.farming-simulator.com/mod.php?lang=en&country=us&mod_id=276708&title=fs2022
183;Map;Court Farm Country Park;4.6;244;https://www.farming-simulator.com/mod.php?lang=en&country=us&mod_id=273039&title=fs2022
184;Map;Biberfelden;3.9;29;https://www.farming-simulator.com/mod.php?lang=en&country=us&mod_id=272327&title=fs2022
185;Map;Four Fields;4.4;72;https://www.farming-simulator.com/mod.php?lang=en&country=us&mod_id=280236&title=fs2022
186;Map;Lodygowo;3.4;47;https://www.farming-simulator.com/mod.php?lang=en&country=us&mod_id=270455&title=fs2022
187;Map;Galgenberg 2.0;4.4;381;https://www.farming-simulator.com/mod.php?lang=en&country=us&mod_id=265876&title=fs2022
188;Map;Chipping Norton;4.1;86;https://www.farming-simulator.com/mod.php?lang=en&country=us&mod_id=278496&title=fs2022
189;Map;Campaign Of France;4.5;145;https://www.farming-simulator.com/mod.php?lang=en&country=us&mod_id=275906&title=fs2022
190;Map;Krumbach;4.6;128;https://www.farming-simulator.com/mod.php?lang=en&country=us&mod_id=276097&title=fs2022
191;Map;Sunside;4.0;36;https://www.farming-simulator.com/mod.php?lang=en&country=us&mod_id=279947&title=fs2022
192;Map;Georja Farms;4.0;57;https://www.farming-simulator.com/mod.php?lang=en&country=us&mod_id=279240&title=fs2022
193;Map;Rehbach;4.5;205;https://www.farming-simulator.com/mod.php?lang=en&country=us&mod_id=267451&title=fs2022
194;Map;Sitio Sucuri Map;4.2;121;https://www.farming-simulator.com/mod.php?lang=en&country=us&mod_id=261794&title=fs2022
195;Map;Gemeinde Talbau;4.1;97;https://www.farming-simulator.com/mod.php?lang=en&country=us&mod_id=252004&title=fs2022
196;Map;Eureka Farms;4.3;107;https://www.farming-simulator.com/mod.php?lang=en&country=us&mod_id=269035&title=fs2022
197;Map;Agrodaje;3.7;16;https://www.farming-simulator.com/mod.php?lang=en&country=us&mod_id=278924&title=fs2022
198;Map;Frontier;4.1;254;https://www.farming-simulator.com/mod.php?lang=en&country=us&mod_id=272092&title=fs2022
199;Map;Bucks County, PA;4.3;166;https://www.farming-simulator.com/mod.php?lang=en&country=us&mod_id=267424&title=fs2022
200;Map;WestBridge Hills 22;4.2;338;https://www.farming-simulator.com/mod.php?lang=en&country=us&mod_id=243182&title=fs2022
201;Map;Island Basern;3.9;29;https://www.farming-simulator.com/mod.php?lang=en&country=us&mod_id=267256&title=fs2022
202;Map;Big Productions Map;3.5;40;https://www.farming-simulator.com/mod.php?lang=en&country=us&mod_id=278432&title=fs2022
203;Map;Lazy Acres Farm;4.1;84;https://www.farming-simulator.com/mod.php?lang=en&country=us&mod_id=269039&title=fs2022
204;Map;Little Mountain Country;3.8;33;https://www.farming-simulator.com/mod.php?lang=en&country=us&mod_id=275880&title=fs2022
205;Map;Forest Challenge;3.9;105;https://www.farming-simulator.com/mod.php?lang=en&country=us&mod_id=269942&title=fs2022
206;Map;The Forgotten Isles;4.2;34;https://www.farming-simulator.com/mod.php?lang=en&country=us&mod_id=277695&title=fs2022
207;Map;Ballam Rd Dairy Farming;3.9;187;https://www.farming-simulator.com/mod.php?lang=en&country=us&mod_id=260058&title=fs2022
208;Map;Domaine De L'Orée;4.1;34;https://www.farming-simulator.com/mod.php?lang=en&country=us&mod_id=276776&title=fs2022
209;Map;Wisnice;4.1;117;https://www.farming-simulator.com/mod.php?lang=en&country=us&mod_id=271497&title=fs2022
210;Map;The Agres Balconies;3.5;51;https://www.farming-simulator.com/mod.php?lang=en&country=us&mod_id=263543&title=fs2022
211;Map;Pyśkowice;3.7;39;https://www.farming-simulator.com/mod.php?lang=en&country=us&mod_id=276288&title=fs2022
212;Map;Energie Park;3.5;24;https://www.farming-simulator.com/mod.php?lang=en&country=us&mod_id=275849&title=fs2022
213;Map;Western Australia;3.9;166;https://www.farming-simulator.com/mod.php?lang=en&country=us&mod_id=253137&title=fs2022
214;Map;THE VALLEY FARM;3.8;23;https://www.farming-simulator.com/mod.php?lang=en&country=us&mod_id=272406&title=fs2022
215;Map;AGROLAND;4.3;136;https://www.farming-simulator.com/mod.php?lang=en&country=us&mod_id=272759&title=fs2022
216;Map;Spruce Mountain Farm's;4.3;256;https://www.farming-simulator.com/mod.php?lang=en&country=us&mod_id=249554&title=fs2022
217;Map;North March;4.1;78;https://www.farming-simulator.com/mod.php?lang=en&country=us&mod_id=270756&title=fs2022
218;Map;New Lands;4.1;175;https://www.farming-simulator.com/mod.php?lang=en&country=us&mod_id=255814&title=fs2022
219;Map;The Interior;4.0;65;https://www.farming-simulator.com/mod.php?lang=en&country=us&mod_id=274986&title=fs2022
220;Map;Yarra Valley, Australia;3.7;59;https://www.farming-simulator.com/mod.php?lang=en&country=us&mod_id=272451&title=fs2022
221;Map;Karhuvaara;3.5;88;https://www.farming-simulator.com/mod.php?lang=en&country=us&mod_id=271506&title=fs2022
222;Map;Oberthal;4.1;15;https://www.farming-simulator.com/mod.php?lang=en&country=us&mod_id=274423&title=fs2022
223;Map;Erlingen;4.2;49;https://www.farming-simulator.com/mod.php?lang=en&country=us&mod_id=272787&title=fs2022
224;Map;North-East End;4.3;62;https://www.farming-simulator.com/mod.php?lang=en&country=us&mod_id=274065&title=fs2022
225;Map;Baranyamap;3.7;36;https://www.farming-simulator.com/mod.php?lang=en&country=us&mod_id=270796&title=fs2022
226;Map;Split Mountain Ranch;4.0;65;https://www.farming-simulator.com/mod.php?lang=en&country=us&mod_id=265340&title=fs2022
227;Map;Neverland;4.1;123;https://www.farming-simulator.com/mod.php?lang=en&country=us&mod_id=267060&title=fs2022
228;Map;East Vineland, NJ USA;4.0;440;https://www.farming-simulator.com/mod.php?lang=en&country=us&mod_id=242383&title=fs2022
229;Map;Herrmannspolder;3.7;48;https://www.farming-simulator.com/mod.php?lang=en&country=us&mod_id=272308&title=fs2022
230;Map;The White Farm;4.3;133;https://www.farming-simulator.com/mod.php?lang=en&country=us&mod_id=272412&title=fs2022
231;Map;Urjanvaara;4.0;114;https://www.farming-simulator.com/mod.php?lang=en&country=us&mod_id=261493&title=fs2022
232;Map;Rennebu;4.2;137;https://www.farming-simulator.com/mod.php?lang=en&country=us&mod_id=250208&title=fs2022
233;Map;Oberlausitz;4.2;74;https://www.farming-simulator.com/mod.php?lang=en&country=us&mod_id=273436&title=fs2022
234;Map;The Polesine;4.0;105;https://www.farming-simulator.com/mod.php?lang=en&country=us&mod_id=267337&title=fs2022
235;Map;Pick Your Starting Farm;3.7;42;https://www.farming-simulator.com/mod.php?lang=en&country=us&mod_id=266324&title=fs2022
236;Map;East Groningen;3.9;156;https://www.farming-simulator.com/mod.php?lang=en&country=us&mod_id=267754&title=fs2022
237;Map;Saxthorpe Farms;4.2;62;https://www.farming-simulator.com/mod.php?lang=en&country=us&mod_id=272313&title=fs2022
238;Map;The Three Small Farms;4.0;39;https://www.farming-simulator.com/mod.php?lang=en&country=us&mod_id=269084&title=fs2022
239;Map;Big Flats Texas;4.4;232;https://www.farming-simulator.com/mod.php?lang=en&country=us&mod_id=271025&title=fs2022
240;Map;Monette Farms Map;4.2;138;https://www.farming-simulator.com/mod.php?lang=en&country=us&mod_id=260701&title=fs2022
241;Map;The Nutons Hedge;3.6;5;https://www.farming-simulator.com/mod.php?lang=en&country=us&mod_id=271247&title=fs2022
242;Map;Purbeck 22;4.2;186;https://www.farming-simulator.com/mod.php?lang=en&country=us&mod_id=264792&title=fs2022
243;Map;Ossiacher Tal;3.7;19;https://www.farming-simulator.com/mod.php?lang=en&country=us&mod_id=265449&title=fs2022
244;Map;The Breton Countryside;3.4;70;https://www.farming-simulator.com/mod.php?lang=en&country=us&mod_id=269540&title=fs2022
245;Map;Crocken Farm;4.0;53;https://www.farming-simulator.com/mod.php?lang=en&country=us&mod_id=268532&title=fs2022
246;Map;Brosum;3.7;86;https://www.farming-simulator.com/mod.php?lang=en&country=us&mod_id=257431&title=fs2022
247;Map;Ocean Side Forest;4.1;34;https://www.farming-simulator.com/mod.php?lang=en&country=us&mod_id=265895&title=fs2022
248;Map;Knieskoppsheim;4.0;32;https://www.farming-simulator.com/mod.php?lang=en&country=us&mod_id=267895&title=fs2022
249;Map;The Valley The Old Farm;4.6;389;https://www.farming-simulator.com/mod.php?lang=en&country=us&mod_id=268727&title=fs2022
250;Map;Edgewater Saskatchewan;4.5;321;https://www.farming-simulator.com/mod.php?lang=en&country=us&mod_id=261441&title=fs2022
251;Map;Aukrug Homfeld;3.7;81;https://www.farming-simulator.com/mod.php?lang=en&country=us&mod_id=260766&title=fs2022
252;Map;Fichthal;4.3;233;https://www.farming-simulator.com/mod.php?lang=en&country=us&mod_id=253573&title=fs2022
253;Map;Regelsberg;3.8;30;https://www.farming-simulator.com/mod.php?lang=en&country=us&mod_id=267157&title=fs2022
254;Map;Hinterland;4.4;101;https://www.farming-simulator.com/mod.php?lang=en&country=us&mod_id=263440&title=fs2022
255;Map;Volcano Island;4.1;42;https://www.farming-simulator.com/mod.php?lang=en&country=us&mod_id=267699&title=fs2022
256;Map;Blackwater Bottoms;3.9;80;https://www.farming-simulator.com/mod.php?lang=en&country=us&mod_id=256720&title=fs2022
257;Map;Brzozówka;4.5;266;https://www.farming-simulator.com/mod.php?lang=en&country=us&mod_id=246745&title=fs2022
258;Map;Suedharz;3.3;39;https://www.farming-simulator.com/mod.php?lang=en&country=us&mod_id=255213&title=fs2022
259;Map;Polowa;4.4;274;https://www.farming-simulator.com/mod.php?lang=en&country=us&mod_id=256220&title=fs2022
260;Map;Event Map;3.5;97;https://www.farming-simulator.com/mod.php?lang=en&country=us&mod_id=247899&title=fs2022
261;Map;Dunalka;3.6;37;https://www.farming-simulator.com/mod.php?lang=en&country=us&mod_id=233817&title=fs2022
262;Map;GreenRiver 22;4.1;365;https://www.farming-simulator.com/mod.php?lang=en&country=us&mod_id=255593&title=fs2022
263;Map;Paksuniemi;4.0;70;https://www.farming-simulator.com/mod.php?lang=en&country=us&mod_id=267032&title=fs2022
264;Map;Between The Mounts;3.9;44;https://www.farming-simulator.com/mod.php?lang=en&country=us&mod_id=267340&title=fs2022
265;Map;Riverside 22;3.8;129;https://www.farming-simulator.com/mod.php?lang=en&country=us&mod_id=251446&title=fs2022
266;Map;Rosendal;4.2;64;https://www.farming-simulator.com/mod.php?lang=en&country=us&mod_id=265396&title=fs2022
267;Map;Prairie Farm Michigan;4.2;129;https://www.farming-simulator.com/mod.php?lang=en&country=us&mod_id=261451&title=fs2022
268;Map;Frankenmuth Farming Map;4.4;597;https://www.farming-simulator.com/mod.php?lang=en&country=us&mod_id=230791&title=fs2022
269;Map;Michigan Farms Map;4.3;323;https://www.farming-simulator.com/mod.php?lang=en&country=us&mod_id=257814&title=fs2022
270;Map;Balkanska Farma;4.2;130;https://www.farming-simulator.com/mod.php?lang=en&country=us&mod_id=263722&title=fs2022
271;Map;Rogue River Valley;4.0;69;https://www.farming-simulator.com/mod.php?lang=en&country=us&mod_id=264806&title=fs2022
272;Map;Korpi;4.0;42;https://www.farming-simulator.com/mod.php?lang=en&country=us&mod_id=266542&title=fs2022
273;Map;Piney Run;4.3;364;https://www.farming-simulator.com/mod.php?lang=en&country=us&mod_id=236139&title=fs2022
274;Map;Hickory Valley;4.3;306;https://www.farming-simulator.com/mod.php?lang=en&country=us&mod_id=251413&title=fs2022
275;Map;Bourneheath;3.8;85;https://www.farming-simulator.com/mod.php?lang=en&country=us&mod_id=247638&title=fs2022
276;Map;Farmville Valley;3.5;22;https://www.farming-simulator.com/mod.php?lang=en&country=us&mod_id=266402&title=fs2022
277;Map;American Farmlands;4.0;128;https://www.farming-simulator.com/mod.php?lang=en&country=us&mod_id=263865&title=fs2022
278;Map;BR-163 MS;4.5;328;https://www.farming-simulator.com/mod.php?lang=en&country=us&mod_id=260347&title=fs2022
279;Map;Umbreon Valley;4.2;329;https://www.farming-simulator.com/mod.php?lang=en&country=us&mod_id=234842&title=fs2022
280;Map;Antigonia;3.1;23;https://www.farming-simulator.com/mod.php?lang=en&country=us&mod_id=264804&title=fs2022
281;Map;Hillibee Creek;4.0;159;https://www.farming-simulator.com/mod.php?lang=en&country=us&mod_id=251259&title=fs2022
282;Map;The Plantation;3.9;57;https://www.farming-simulator.com/mod.php?lang=en&country=us&mod_id=255982&title=fs2022
283;Map;New Giants Island;3.7;40;https://www.farming-simulator.com/mod.php?lang=en&country=us&mod_id=264231&title=fs2022
284;Map;PGR Sliwno;4.0;127;https://www.farming-simulator.com/mod.php?lang=en&country=us&mod_id=244803&title=fs2022
285;Map;Drentsevaart;3.9;87;https://www.farming-simulator.com/mod.php?lang=en&country=us&mod_id=258731&title=fs2022
286;Map;The Another World;3.6;242;https://www.farming-simulator.com/mod.php?lang=en&country=us&mod_id=255756&title=fs2022
287;Map;Kolonia;4.6;317;https://www.farming-simulator.com/mod.php?lang=en&country=us&mod_id=260445&title=fs2022
288;Map;Prairie Farm Michigan 4X;4.3;34;https://www.farming-simulator.com/mod.php?lang=en&country=us&mod_id=264772&title=fs2022
289;Map;Deer Lands;3.9;89;https://www.farming-simulator.com/mod.php?lang=en&country=us&mod_id=261256&title=fs2022
290;Map;European Countryside;3.7;145;https://www.farming-simulator.com/mod.php?lang=en&country=us&mod_id=239981&title=fs2022
291;Map;Terschelling;3.8;112;https://www.farming-simulator.com/mod.php?lang=en&country=us&mod_id=259946&title=fs2022
292;Map;Little Land;3.7;39;https://www.farming-simulator.com/mod.php?lang=en&country=us&mod_id=255968&title=fs2022
293;Map;Platinum Expansion;0.0;0;https://www.farming-simulator.com/dlc-detail.php?dlc_id=fs22platinum&lang=en&country=us
294;Map;Old Land;3.9;71;https://www.farming-simulator.com/mod.php?lang=en&country=us&mod_id=260265&title=fs2022
295;Map;Wastelands;3.5;44;https://www.farming-simulator.com/mod.php?lang=en&country=us&mod_id=257799&title=fs2022
296;Map;St. Kalle;4.4;206;https://www.farming-simulator.com/mod.php?lang=en&country=us&mod_id=256988&title=fs2022
297;Map;Forstinning;3.9;112;https://www.farming-simulator.com/mod.php?lang=en&country=us&mod_id=239928&title=fs2022
298;Map;Groß Mohrdorf;3.8;69;https://www.farming-simulator.com/mod.php?lang=en&country=us&mod_id=244440&title=fs2022
299;Map;New Bartelshagen;3.7;271;https://www.farming-simulator.com/mod.php?lang=en&country=us&mod_id=230341&title=fs2022
300;Map;Newpark Farm;3.0;7;https://www.farming-simulator.com/mod.php?lang=en&country=us&mod_id=259408&title=fs2022
301;Map;Selendra;4.0;131;https://www.farming-simulator.com/mod.php?lang=en&country=us&mod_id=261296&title=fs2022
302;Map;Clarkson US 4x;3.5;37;https://www.farming-simulator.com/mod.php?lang=en&country=us&mod_id=238621&title=fs2022
303;Map;Bear Rock Logging;4.2;80;https://www.farming-simulator.com/mod.php?lang=en&country=us&mod_id=254400&title=fs2022
304;Map;Adelshoven;4.0;130;https://www.farming-simulator.com/mod.php?lang=en&country=us&mod_id=239522&title=fs2022
305;Map;The Romboz Road;3.0;30;https://www.farming-simulator.com/mod.php?lang=en&country=us&mod_id=245715&title=fs2022
306;Map;Ohio Richlands;4.1;191;https://www.farming-simulator.com/mod.php?lang=en&country=us&mod_id=260093&title=fs2022
307;Map;Umari Farm-RN;4.2;44;https://www.farming-simulator.com/mod.php?lang=en&country=us&mod_id=259278&title=fs2022
308;Map;The Angevin Countryside;4.0;299;https://www.farming-simulator.com/mod.php?lang=en&country=us&mod_id=235733&title=fs2022
309;Map;The Risoux Forest;3.6;68;https://www.farming-simulator.com/mod.php?lang=en&country=us&mod_id=229380&title=fs2022
310;Map;Mill Landscape Midland;4.4;317;https://www.farming-simulator.com/mod.php?lang=en&country=us&mod_id=256240&title=fs2022
311;Map;Welker Farms;4.2;224;https://www.farming-simulator.com/mod.php?lang=en&country=us&mod_id=252172&title=fs2022
312;Map;Thornton 22 Revamp;4.6;281;https://www.farming-simulator.com/mod.php?lang=en&country=us&mod_id=252102&title=fs2022
313;Map;Bloomfield, Canada;4.3;196;https://www.farming-simulator.com/mod.php?lang=en&country=us&mod_id=247665&title=fs2022
314;Map;Rock Crawl;4.4;108;https://www.farming-simulator.com/mod.php?lang=en&country=us&mod_id=256991&title=fs2022
315;Map;Wild River Forest;4.1;55;https://www.farming-simulator.com/mod.php?lang=en&country=us&mod_id=255078&title=fs2022
316;Map;The Green Valley;4.0;62;https://www.farming-simulator.com/mod.php?lang=en&country=us&mod_id=254344&title=fs2022
317;Map;Starsow;4.2;78;https://www.farming-simulator.com/mod.php?lang=en&country=us&mod_id=253146&title=fs2022
318;Map;Arecibo Observatory Memorial Map;3.5;32;https://www.farming-simulator.com/mod.php?lang=en&country=us&mod_id=255603&title=fs2022
319;Map;Griffin Indiana 22;4.4;310;https://www.farming-simulator.com/mod.php?lang=en&country=us&mod_id=252262&title=fs2022
320;Map;Mazowiecka Nizina V3;4.0;117;https://www.farming-simulator.com/mod.php?lang=en&country=us&mod_id=244977&title=fs2022
321;Map;Alex Prodealcenter Farm;4.1;228;https://www.farming-simulator.com/mod.php?lang=en&country=us&mod_id=250999&title=fs2022
322;Map;Bacuri Farm 2k22;4.3;221;https://www.farming-simulator.com/mod.php?lang=en&country=us&mod_id=247607&title=fs2022
323;Map;Back Roads County;4.2;252;https://www.farming-simulator.com/mod.php?lang=en&country=us&mod_id=250884&title=fs2022
324;Map;Multimap;4.2;36;https://www.farming-simulator.com/mod.php?lang=en&country=us&mod_id=250583&title=fs2022
325;Map;Avon Valley;3.8;51;https://www.farming-simulator.com/mod.php?lang=en&country=us&mod_id=252980&title=fs2022
326;Map;Brombach;3.8;79;https://www.farming-simulator.com/mod.php?lang=en&country=us&mod_id=243319&title=fs2022
327;Map;North Beach;3.8;73;https://www.farming-simulator.com/mod.php?lang=en&country=us&mod_id=237471&title=fs2022
328;Map;Timber Valley;3.6;10;https://www.farming-simulator.com/mod.php?lang=en&country=us&mod_id=251502&title=fs2022
329;Map;Small Cow Farm;3.5;51;https://www.farming-simulator.com/mod.php?lang=en&country=us&mod_id=246761&title=fs2022
330;Map;Osada;4.4;607;https://www.farming-simulator.com/mod.php?lang=en&country=us&mod_id=241186&title=fs2022
331;Map;Hobo's Hollow 4x;4.1;95;https://www.farming-simulator.com/mod.php?lang=en&country=us&mod_id=236591&title=fs2022
332;Map;Attingham Park;4.1;130;https://www.farming-simulator.com/mod.php?lang=en&country=us&mod_id=252603&title=fs2022
333;Map;Pirambeiras Map;4.3;153;https://www.farming-simulator.com/mod.php?lang=en&country=us&mod_id=247448&title=fs2022
334;Map;Araguaia Valley Map;3.5;42;https://www.farming-simulator.com/mod.php?lang=en&country=us&mod_id=251268&title=fs2022
335;Map;Wosnice;4.0;153;https://www.farming-simulator.com/mod.php?lang=en&country=us&mod_id=245970&title=fs2022
336;Map;Gelderland;4.0;261;https://www.farming-simulator.com/mod.php?lang=en&country=us&mod_id=238652&title=fs2022
337;Map;Somerset Farms;4.4;482;https://www.farming-simulator.com/mod.php?lang=en&country=us&mod_id=245983&title=fs2022
338;Map;Mazowszany;3.9;137;https://www.farming-simulator.com/mod.php?lang=en&country=us&mod_id=233326&title=fs2022
339;Map;Lapacho Farm;4.3;220;https://www.farming-simulator.com/mod.php?lang=en&country=us&mod_id=241389&title=fs2022
340;Map;Holmåkra 22;4.0;209;https://www.farming-simulator.com/mod.php?lang=en&country=us&mod_id=245260&title=fs2022
341;Map;Swiss Future Farm;3.5;102;https://www.farming-simulator.com/mod.php?lang=en&country=us&mod_id=248510&title=fs2022
342;Map;Old Kiwi Farm;4.0;58;https://www.farming-simulator.com/mod.php?lang=en&country=us&mod_id=247288&title=fs2022
343;Map;Chainsaw Valley;3.9;216;https://www.farming-simulator.com/mod.php?lang=en&country=us&mod_id=231032&title=fs2022
344;Map;Waldstetten;4.3;247;https://www.farming-simulator.com/mod.php?lang=en&country=us&mod_id=241863&title=fs2022
345;Map;Portugal South;3.9;160;https://www.farming-simulator.com/mod.php?lang=en&country=us&mod_id=234962&title=fs2022
346;Map;Shire Farm;3.9;159;https://www.farming-simulator.com/mod.php?lang=en&country=us&mod_id=244306&title=fs2022
347;Map;Matopiba Map;4.5;52;https://www.farming-simulator.com/mod.php?lang=en&country=us&mod_id=244968&title=fs2022
348;Map;Southern Cross Station;4.1;120;https://www.farming-simulator.com/mod.php?lang=en&country=us&mod_id=238631&title=fs2022
349;Map;The Western Wilds;4.5;298;https://www.farming-simulator.com/mod.php?lang=en&country=us&mod_id=243913&title=fs2022
350;Map;Arena;3.7;114;https://www.farming-simulator.com/mod.php?lang=en&country=us&mod_id=241993&title=fs2022
351;Map;FS09 Island;3.9;125;https://www.farming-simulator.com/mod.php?lang=en&country=us&mod_id=244271&title=fs2022
352;Map;Dark Forest The Next Chapter;4.0;78;https://www.farming-simulator.com/mod.php?lang=en&country=us&mod_id=235530&title=fs2022
353;Map;Small Farm;3.6;72;https://www.farming-simulator.com/mod.php?lang=en&country=us&mod_id=237126&title=fs2022
354;Map;Unterkrebach;4.2;90;https://www.farming-simulator.com/mod.php?lang=en&country=us&mod_id=243627&title=fs2022
355;Map;Calmsden Farm;4.5;1943;https://www.farming-simulator.com/mod.php?lang=en&country=us&mod_id=233717&title=fs2022
356;Map;Krebach;4.3;101;https://www.farming-simulator.com/mod.php?lang=en&country=us&mod_id=239031&title=fs2022
357;Map;Pioneers Map;4.0;135;https://www.farming-simulator.com/mod.php?lang=en&country=us&mod_id=235527&title=fs2022
358;Map;The Hills Of Slovenia;4.0;212;https://www.farming-simulator.com/mod.php?lang=en&country=us&mod_id=238255&title=fs2022
359;Map;Greenlands;4.1;224;https://www.farming-simulator.com/mod.php?lang=en&country=us&mod_id=233448&title=fs2022
360;Map;Bredow;3.5;172;https://www.farming-simulator.com/mod.php?lang=en&country=us&mod_id=235836&title=fs2022
361;Map;The French Plain;3.9;91;https://www.farming-simulator.com/mod.php?lang=en&country=us&mod_id=233108&title=fs2022
362;Map;Estancia São Carlos Map;4.4;311;https://www.farming-simulator.com/mod.php?lang=en&country=us&mod_id=234082&title=fs2022
363;Map;The Old Stream Farm;4.5;1319;https://www.farming-simulator.com/mod.php?lang=en&country=us&mod_id=235670&title=fs2022
